<?xml version="1.0" encoding="utf-8" ?>
<dwsync>
<file name="ratchicons.eot" server="ericvillnow.com//virtual/test/wordpress/wp-content/themes/eos7/" local="130496741258805542" remote="130496690400000000" Dst="2" />
<file name="ratchicons.svg" server="ericvillnow.com//virtual/test/wordpress/wp-content/themes/eos7/" local="130496741259175563" remote="130496690400000000" Dst="2" />
<file name="ratchicons.woff" server="ericvillnow.com//virtual/test/wordpress/wp-content/themes/eos7/" local="130496741260145618" remote="130496690400000000" Dst="2" />
<file name="ratchicons.ttf" server="ericvillnow.com//virtual/test/wordpress/wp-content/themes/eos7/" local="130496741259735595" remote="130496690400000000" Dst="2" />
<file name="ratchicons.eot" server="ericvillnow.com//virtual/test/wordpress/wp-content/themes/bootstraper/" local="130496741258805542" remote="130503469200000000" Dst="2" />
<file name="ratchicons.svg" server="ericvillnow.com//virtual/test/wordpress/wp-content/themes/bootstraper/" local="130496741259175563" remote="130503469200000000" Dst="2" />
<file name="ratchicons.woff" server="ericvillnow.com//virtual/test/wordpress/wp-content/themes/bootstraper/" local="130496741260145618" remote="130503469200000000" Dst="2" />
<file name="ratchicons.ttf" server="ericvillnow.com//virtual/test/wordpress/wp-content/themes/bootstraper/" local="130496741259735595" remote="130503469200000000" Dst="2" />
</dwsync>