<?xml version="1.0" encoding="utf-8" ?>
<dwsync>
<file name="bootstrap-theme.css" server="ericvillnow.com//virtual/test/wordpress/wp-content/themes/eos7/" local="130496741250115045" remote="130496690400000000" Dst="2" />
<file name="bootstrap.css" server="ericvillnow.com//virtual/test/wordpress/wp-content/themes/eos7/" local="130496741251435120" remote="130496690400000000" Dst="2" />
<file name="bootstrap-theme.css.map" server="ericvillnow.com//virtual/test/wordpress/wp-content/themes/eos7/" local="130496741250525068" remote="130496690400000000" Dst="2" />
<file name="bootstrap-theme.min.css" server="ericvillnow.com//virtual/test/wordpress/wp-content/themes/eos7/" local="130496741250915090" remote="130496690400000000" Dst="2" />
<file name="bootstrap.css.map" server="ericvillnow.com//virtual/test/wordpress/wp-content/themes/eos7/" local="130496741251805141" remote="130496690400000000" Dst="2" />
<file name="bootstrap.min.css" server="ericvillnow.com//virtual/test/wordpress/wp-content/themes/eos7/" local="130496741252205164" remote="130496690400000000" Dst="2" />
<file name="bootstrap-theme.css.map" server="ericvillnow.com//virtual/test/wordpress/wp-content/themes/bootstraper/" local="130496741250525068" remote="130503469200000000" Dst="2" />
<file name="bootstrap-theme.min.css" server="ericvillnow.com//virtual/test/wordpress/wp-content/themes/bootstraper/" local="130496741250915090" remote="130503469200000000" Dst="2" />
<file name="bootstrap-theme.css" server="ericvillnow.com//virtual/test/wordpress/wp-content/themes/bootstraper/" local="130496741250115045" remote="130503469200000000" Dst="2" />
<file name="bootstrap.css" server="ericvillnow.com//virtual/test/wordpress/wp-content/themes/bootstraper/" local="130496741251435120" remote="130503469200000000" Dst="2" />
<file name="bootstrap.css.map" server="ericvillnow.com//virtual/test/wordpress/wp-content/themes/bootstraper/" local="130496741251805141" remote="130503469200000000" Dst="2" />
<file name="bootstrap.min.css" server="ericvillnow.com//virtual/test/wordpress/wp-content/themes/bootstraper/" local="130496741252205164" remote="130503469200000000" Dst="2" />
</dwsync>